Date,Confirmed,Deaths,Recovered,Active
2020-01-22,0,0,0,0
2020-01-23,0,0,0,0
2020-01-24,0,0,0,0
2020-01-25,1,0,0,1
2020-01-26,1,0,0,1
2020-01-27,1,0,0,1
2020-01-28,1,0,0,1
2020-01-29,1,0,0,1
2020-01-30,1,0,0,1
2020-01-31,1,0,0,1
2020-02-01,1,0,0,1
2020-02-02,1,0,0,1
2020-02-03,1,0,0,1
2020-02-04,1,0,0,1
2020-02-05,1,0,0,1
2020-02-06,1,0,0,1
2020-02-07,1,0,0,1
2020-02-08,1,0,0,1
2020-02-09,1,0,0,1
2020-02-10,1,0,0,1
2020-02-11,1,0,0,1
2020-02-12,1,0,1,0
2020-02-13,1,0,1,0
2020-02-14,1,0,1,0
2020-02-15,1,0,1,0
2020-02-16,1,0,1,0
2020-02-17,1,0,1,0
2020-02-18,1,0,1,0
2020-02-19,1,0,1,0
2020-02-20,1,0,1,0
2020-02-21,1,0,1,0
2020-02-22,1,0,1,0
2020-02-23,1,0,1,0
2020-02-24,1,0,1,0
2020-02-25,1,0,1,0
2020-02-26,1,0,1,0
2020-02-27,1,0,1,0
2020-02-28,1,0,1,0
2020-02-29,1,0,1,0
2020-03-01,1,0,1,0
2020-03-02,1,0,1,0
2020-03-03,1,0,1,0
2020-03-04,1,0,1,0
2020-03-05,1,0,1,0
2020-03-06,1,0,1,0
2020-03-07,1,0,1,0
2020-03-08,1,0,1,0
2020-03-09,1,0,1,0
2020-03-10,1,0,1,0
2020-03-11,1,0,1,0
2020-03-12,1,0,1,0
2020-03-13,1,0,1,0
2020-03-14,1,0,1,0
2020-03-15,1,0,1,0
2020-03-16,1,0,1,0
2020-03-17,1,0,1,0
2020-03-18,1,0,1,0
2020-03-19,1,0,1,0
2020-03-20,1,0,1,0
2020-03-21,1,0,1,0
2020-03-22,1,0,1,0
2020-03-23,2,0,1,1
2020-03-24,2,0,1,1
2020-03-25,3,0,1,2
2020-03-26,3,0,1,2
2020-03-27,4,0,1,3
2020-03-28,5,0,1,4
2020-03-29,5,0,1,4
2020-03-30,5,0,1,4
2020-03-31,5,0,1,4
2020-04-01,5,0,1,4
2020-04-02,6,0,1,5
2020-04-03,6,0,1,5
2020-04-04,9,0,1,8
2020-04-05,9,0,1,8
2020-04-06,9,0,1,8
2020-04-07,9,0,1,8
2020-04-08,9,0,1,8
2020-04-09,9,0,1,8
2020-04-10,9,0,1,8
2020-04-11,9,0,1,8
2020-04-12,12,0,1,11
2020-04-13,14,0,1,13
2020-04-14,16,0,1,15
2020-04-15,16,0,1,15
2020-04-16,16,0,2,14
2020-04-17,30,0,2,28
2020-04-18,31,0,2,29
2020-04-19,31,0,4,27
2020-04-20,31,0,4,27
2020-04-21,43,0,4,39
2020-04-22,45,0,7,38
2020-04-23,48,0,10,38
2020-04-24,49,0,11,38
2020-04-25,49,0,12,37
2020-04-26,52,0,16,36
2020-04-27,52,0,16,36
2020-04-28,54,0,16,38
2020-04-29,57,0,16,41
2020-04-30,57,0,16,41
2020-05-01,59,0,16,43
2020-05-02,59,0,16,43
2020-05-03,75,0,16,59
2020-05-04,75,0,16,59
2020-05-05,82,0,16,66
2020-05-06,99,0,22,77
2020-05-07,101,0,22,79
2020-05-08,102,0,31,71
2020-05-09,110,0,31,79
2020-05-10,110,0,31,79
2020-05-11,134,0,33,101
2020-05-12,217,0,33,184
2020-05-13,250,0,35,215
2020-05-14,249,0,35,214
2020-05-15,267,0,36,231
2020-05-16,291,1,36,254
2020-05-17,295,2,36,257
2020-05-18,375,2,36,337
2020-05-19,402,2,37,363
2020-05-20,427,2,45,380
2020-05-21,457,3,49,405
2020-05-22,516,3,70,443
2020-05-23,584,3,70,511
2020-05-24,603,3,87,513
2020-05-25,682,4,112,566
2020-05-26,772,4,155,613
2020-05-27,886,4,183,699
2020-05-28,1042,5,187,850
2020-05-29,1212,6,206,1000
2020-05-30,1401,6,219,1176
2020-05-31,1572,8,220,1344
2020-06-01,1811,8,221,1582
2020-06-02,2099,8,266,1825
2020-06-03,2300,9,278,2013
2020-06-04,2634,10,290,2334
2020-06-05,2912,11,333,2568
2020-06-06,3235,13,365,2857
2020-06-07,3448,13,467,2968
2020-06-08,3762,14,488,3260
2020-06-09,4086,15,584,3487
2020-06-10,4364,15,674,3675
2020-06-11,4614,15,861,3738
2020-06-12,5062,16,877,4169
2020-06-13,5335,18,913,4404
2020-06-14,5760,19,974,4767
2020-06-15,6211,19,1041,5151
2020-06-16,6591,19,1158,5414
2020-06-17,7177,20,1167,5990
2020-06-18,7848,22,1186,6640
2020-06-19,8274,22,1402,6850
2020-06-20,8605,22,1578,7005
2020-06-21,9026,23,1772,7231
2020-06-22,9561,23,2148,7390
2020-06-23,10099,24,2224,7851
2020-06-24,10728,24,2338,8366
2020-06-25,11162,26,2650,8486
2020-06-26,11755,27,2698,9030
2020-06-27,12309,28,2834,9447
2020-06-28,12772,28,3013,9731
2020-06-29,13248,29,3134,10085
2020-06-30,13564,29,3194,10341
2020-07-01,14046,30,4656,9360
2020-07-02,14519,31,5320,9168
2020-07-03,15259,32,6143,9084
2020-07-04,15491,34,6415,9042
2020-07-05,15784,34,6547,9203
2020-07-06,15964,35,6811,9118
2020-07-07,16168,35,7499,8634
2020-07-08,16423,35,7752,8636
2020-07-09,16531,35,7891,8605
2020-07-10,16649,35,8011,8603
2020-07-11,16719,38,8442,8239
2020-07-12,16801,38,8589,8174
2020-07-13,16945,38,10294,6613
2020-07-14,17061,38,10328,6695
2020-07-15,17177,39,11025,6113
2020-07-16,17344,39,11249,6056
2020-07-17,17445,40,11534,5871
2020-07-18,17502,40,11637,5825
2020-07-19,17658,40,11695,5923
2020-07-20,17844,40,11868,5936
2020-07-21,17994,40,12477,5477
2020-07-22,18094,42,12684,5368
2020-07-23,18241,43,12840,5358
2020-07-24,18374,44,12947,5383
2020-07-25,18483,45,13053,5385
2020-07-26,18613,45,13128,5440
2020-07-27,18752,48,13754,4950
2020-07-28,19063,49,13875,5139
2020-07-29,19273,49,14021,5203
2020-07-30,19547,52,14248,5247
2020-07-31,19771,56,14399,5316
2020-08-01,20086,56,14492,5538
2020-08-02,20332,57,14603,5672
2020-08-03,20750,57,14961,5732
2020-08-04,21009,58,15026,5925
2020-08-05,21390,60,15156,6174
2020-08-06,21750,65,15389,6296
2020-08-07,22214,70,15814,6330
2020-08-08,22592,73,16313,6206
2020-08-09,22972,75,16353,6544
2020-08-10,23310,79,16493,6738
2020-08-11,23948,83,16664,7201
2020-08-12,24432,91,16728,7613
2020-08-13,24957,95,16837,8025
2020-08-14,25551,99,17077,8375
2020-08-15,26019,102,17201,8716
2020-08-16,26660,104,17335,9221
2020-08-17,27241,107,17495,9639
2020-08-18,28257,114,17580,10563
2020-08-19,28938,120,17700,11118
2020-08-20,29645,126,17964,11555
2020-08-21,30483,137,18214,12132
2020-08-22,31117,146,18350,12621
2020-08-23,31935,149,18631,13155
2020-08-24,32678,157,18806,13715
2020-08-25,33533,164,19119,14250
2020-08-26,34418,175,19504,14739
2020-08-27,35529,183,20073,15273
2020-08-28,36456,195,20242,16019
2020-08-29,37340,207,20555,16578
2020-08-30,38561,221,20822,17518
2020-08-31,39460,228,21410,17822
2020-09-01,40529,239,22178,18112
2020-09-02,41649,251,23290,18108
2020-09-03,42877,257,24207,18413
2020-09-04,44236,271,25561,18404
2020-09-05,45277,280,27127,17870
2020-09-06,46257,289,28941,17027
2020-09-07,47236,300,30677,16259
2020-09-08,48138,306,32964,14868
2020-09-09,49219,312,33882,15025
2020-09-10,50465,317,35700,14448
2020-09-11,51919,322,36672,14925
2020-09-12,53120,336,37524,15260
2020-09-13,54159,345,38697,15117
2020-09-14,55329,360,39576,15393
2020-09-15,56788,371,40638,15779
2020-09-16,58327,379,41706,16242
2020-09-17,59573,383,42949,16241
2020-09-18,61593,390,43820,17383
2020-09-19,62797,401,45267,17129
2020-09-20,64122,411,46233,17478
2020-09-21,65276,427,47238,17611
2020-09-22,66632,429,48061,18142
2020-09-23,67804,436,49954,17414
2020-09-24,69301,453,50411,18437
2020-09-25,70614,459,51866,18289
2020-09-26,71821,467,53013,18341
2020-09-27,73394,477,53898,19019
2020-09-28,74745,481,54640,19624
2020-09-29,76258,491,55371,20396
2020-09-30,77817,498,56428,20891
2020-10-01,79728,509,57389,21830
2020-10-02,82450,520,60696,21234
2020-10-03,84570,528,62740,21302
2020-10-04,86823,535,64069,22219
2020-10-05,89263,554,65202,23507
2020-10-06,90814,563,67542,22709
2020-10-07,94253,578,68668,25007
2020-10-08,98617,590,71343,26684
2020-10-09,100676,600,73023,27053
2020-10-10,105684,614,74252,30818
2020-10-11,107755,636,75804,31315
2020-10-12,111802,645,77277,33880
2020-10-13,115358,663,78780,35915
2020-10-14,117996,675,80954,36367
2020-10-15,121745,694,84518,36533
2020-10-16,126137,715,88040,37382
2020-10-17,129304,727,89840,38737
2020-10-18,132246,739,92166,39341
2020-10-19,136036,757,94501,40778
2020-10-20,139129,765,96609,41755
2020-10-21,144872,791,99605,44476
2020-10-22,148509,812,102820,44877
2020-10-23,153008,829,105488,46691
2020-10-24,155233,842,108334,46057
2020-10-25,158089,847,111670,45572
2020-10-26,159830,862,115675,43293
2020-10-27,160400,876,118843,40681
2020-10-28,162354,887,121824,39643
2020-10-29,164718,904,124862,38952
2020-10-30,168235,920,128958,38357
2020-10-31,170743,937,131222,38584
2020-11-01,173567,960,134842,37765
2020-11-02,176500,984,137992,37524
2020-11-03,179614,1004,141134,37476
2020-11-04,182923,1034,144978,36911
2020-11-05,185974,1052,148408,36514
2020-11-06,188883,1070,152908,34905
2020-11-07,191636,1087,155114,35435
2020-11-08,194453,1108,157926,35419
2020-11-09,197024,1126,159724,36174
2020-11-10,199760,1148,160577,38035
2020-11-11,202329,1174,162243,38912
2020-11-12,204242,1189,164592,38461
2020-11-13,206353,1202,168129,37022
2020-11-14,208299,1215,170632,36452
2020-11-15,209776,1221,173430,35125
2020-11-16,210973,1230,176364,33379
2020-11-17,211475,1247,179242,30986
2020-11-18,212917,1259,182780,28878
2020-11-19,215020,1276,185638,28106
2020-11-20,216965,1298,191002,24665
2020-11-21,218639,1305,193325,24009
2020-11-22,220308,1321,199024,19963
2020-11-23,222288,1337,202067,18884
2020-11-24,224078,1361,204858,17859
2020-11-25,226026,1389,207998,16639
2020-11-26,227640,1412,209435,16793
2020-11-27,229343,1435,209435,18473
2020-11-28,230723,1454,211186,18083
2020-11-29,231978,1479,212590,17909
2020-11-30,233452,1508,214521,17423
2020-12-01,233452,1529,216594,15329
2020-12-02,236246,1538,218161,16547
2020-12-03,237589,1551,220272,15766
2020-12-04,238861,1567,221847,15447
2020-12-05,239885,1577,224053,14255
2020-12-06,240981,1594,225805,13582
2020-12-07,241995,1614,227433,12948
2020-12-08,243377,1637,229054,12686
2020-12-09,244433,1651,230537,12245
2020-12-10,245650,1663,231601,12386
2020-12-11,246694,1674,232872,12148
2020-12-12,247593,1689,234231,11673
2020-12-13,248423,1698,235731,10994
2020-12-14,249244,1716,236573,10955
2020-12-15,250180,1730,238569,9881
2020-12-16,250916,1743,238569,10604
2020-12-17,251692,1749,240363,9580
2020-12-18,252474,1765,241392,9317
2020-12-19,253184,1777,242567,8840
2020-12-20,253772,1788,243664,8320
2020-12-21,254514,1795,244743,7976
2020-12-22,255236,1798,245709,7729
2020-12-23,255979,1803,246661,7515
2020-12-24,256592,1808,247400,7384
2020-12-25,257200,1816,248292,7092
2020-12-26,257700,1819,249132,6749
2020-12-27,258181,1825,249863,6493
2020-12-28,258840,1832,250581,6427
2020-12-29,259548,1840,251312,6396
2020-12-30,260059,1847,251912,6300
2020-12-31,260593,1856,252359,6378
2021-01-01,261019,1864,253107,6048
2021-01-02,261438,1870,253857,5711
2021-01-03,261859,1878,254494,5487
2021-01-04,262262,1885,255088,5289
2021-01-05,262784,1893,255666,5225
2021-01-06,263193,1899,256161,5133
2021-01-07,263605,1903,256644,5058
2021-01-08,264159,1909,257229,5021
2021-01-09,264521,1912,257928,4681
2021-01-10,264780,1917,258441,4422
2021-01-11,265268,1927,258968,4373
2021-01-12,265698,1932,259358,4408
2021-01-13,266143,1937,259772,4434
2021-01-14,266546,1943,260177,4426
2021-01-15,266816,1948,260567,4301
2021-01-16,267056,1954,261044,4058
2021-01-17,267322,1959,261444,3919
2021-01-18,267644,1965,261818,3861
2021-01-19,267992,1969,262259,3764
2021-01-20,268310,1975,262642,3693
2021-01-21,268646,1979,262868,3799
2021-01-22,268948,1986,263348,3614
2021-01-23,269180,1994,263734,3452
2021-01-24,269450,2001,264137,3312
2021-01-25,269789,2011,264538,3240
2021-01-26,270092,2017,264823,3252
2021-01-27,270375,2020,265069,3286
2021-01-28,270588,2020,265365,3203
2021-01-29,270745,2025,265698,3022
2021-01-30,270854,2027,266048,2779
2021-01-31,270959,2029,266336,2594
2021-02-01,271118,2029,266600,2489
2021-02-02,271289,2030,266859,2400
2021-02-03,271431,2031,267065,2335
2021-02-04,271602,2033,267292,2277
2021-02-05,271707,2035,267564,2108
2021-02-06,271806,2035,267812,1959
2021-02-07,271925,2038,268072,1815
2021-02-08,272055,2045,268266,1744
2021-02-09,272215,2047,268431,1737
2021-02-10,272349,2047,268549,1753
2021-02-11,272430,2052,268660,1718
2021-02-12,272557,2054,268796,1707
2021-02-13,272614,2054,268929,1631
2021-02-14,272718,2054,269060,1604
2021-02-15,272840,2055,269204,1581
2021-02-16,272945,2055,269303,1587
2021-02-17,273070,2055,269394,1621
2021-02-18,273166,2058,269505,1603
2021-02-19,273263,2061,269619,1583
2021-02-20,273351,2061,269755,1535
2021-02-21,273431,2061,269876,1494
2021-02-22,273556,2061,269966,1529
2021-02-23,273666,2065,270068,1533
2021-02-24,273760,2684,270139,937
2021-02-25,273872,2685,270223,964
2021-02-26,273984,2771,270277,936
2021-02-27,274065,2773,270325,967
2021-02-28,274143,2774,270407,962
2021-03-01,274216,2777,270471,968
2021-03-02,274294,2777,270543,974
2021-03-03,274381,2778,270605,998
2021-03-04,274488,2778,270683,1027
2021-03-05,274608,3010,270766,832
2021-03-06,274655,3010,270828,817
2021-03-07,274721,3010,270886,825
2021-03-08,274810,3011,270927,872
2021-03-09,274869,3012,270987,870
2021-03-10,274973,3012,271050,911
2021-03-11,275070,3012,271116,942
2021-03-12,275118,3012,271177,929
2021-03-13,275178,3014,271249,915
2021-03-14,275231,3014,271326,891
2021-03-15,275310,3014,271401,895
2021-03-16,275424,3014,271495,915
2021-03-17,275518,3014,271550,954
2021-03-18,275625,3015,271610,1000
2021-03-19,275750,3016,271733,1001
2021-03-20,275829,3016,271815,998
2021-03-21,275906,3016,271921,969
2021-03-22,276056,3019,272020,1017
2021-03-23,276244,3019,272097,1128
2021-03-24,276389,3020,272187,1182
2021-03-25,276509,3020,272272,1217
2021-03-26,276665,3024,272342,1299
2021-03-27,276750,3027,272435,1288
2021-03-28,276839,3027,272530,1282
2021-03-29,276980,3027,272612,1341
2021-03-30,277147,3030,272727,1390
2021-03-31,277309,3030,272786,1493
2021-04-01,277461,3031,272851,1579
2021-04-02,277640,3031,272962,1647
2021-04-03,277768,3032,273123,1613
2021-04-04,277944,3032,273240,1672
2021-04-05,278210,3036,273342,1832
2021-04-06,278470,3036,273455,1979
2021-04-07,278768,3038,273529,2201
2021-04-08,279100,3038,273608,2454
2021-04-09,279388,3038,273735,2615
2021-04-10,279725,3039,273886,2800
2021-04-11,280028,3040,274027,2961
2021-04-12,280524,3053,274165,3306
2021-04-13,280984,3058,274318,3608
2021-04-14,281564,3061,274447,4056
2021-04-15,282054,3066,274604,4384
2021-04-16,282890,3070,274812,5008
2021-04-17,283658,3075,275038,5545
2021-04-18,284673,3083,275300,6290
2021-04-19,285900,3091,275555,7254
2021-04-20,287567,3102,275806,8659
2021-04-21,289787,3112,276093,10582
2021-04-22,292152,3117,276345,12690
2021-04-23,294601,3122,276755,14724
2021-04-24,297087,3136,277123,16828
2021-04-25,300119,3164,277573,19382
2021-04-26,303561,3176,277951,22434
2021-04-27,307925,3194,278506,26225
2021-04-28,312699,3211,279279,30209
2021-04-29,317530,3246,280167,34117
2021-04-30,323187,3279,281095,38813
2021-05-01,328893,3298,282382,43213
2021-05-02,336030,3325,283994,48711
2021-05-03,343418,3362,286015,54041
2021-05-04,351005,3417,287790,59798
2021-05-05,359610,3475,289783,66352
2021-05-06,368580,3529,292490,72561
2021-05-07,377603,3579,295395,78629
2021-05-08,385890,3632,298765,83493
2021-05-09,394667,3720,302787,88160
2021-05-10,403794,3859,306794,93141
2021-05-11,413111,4084,312019,97008
2021-05-12,422349,4252,316463,101634
2021-05-13,431191,4466,321518,105207
2021-05-14,439658,4669,327653,107336
2021-05-15,447704,4856,333108,109740
2021-05-16,455020,5001,339756,110263
2021-05-17,464218,5215,345523,113480
2021-05-18,472354,5411,352414,114529
2021-05-19,480418,5657,360403,114358
2021-05-20,488645,5847,366946,115852
2021-05-21,497052,6024,374836,116192
2021-05-22,505643,6153,383684,115806
2021-05-23,513241,6346,391348,115547
2021-05-24,520461,6531,398483,115447
2021-05-25,528848,6700,404887,117261
2021-05-26,535525,6845,411603,117077
2021-05-27,542256,6951,418829,116476
2021-05-28,549111,7047,428670,113394
2021-05-29,553422,7163,434750,111509
2021-05-30,557124,7272,440955,108897
2021-05-31,561302,7386,447446,106470
2021-06-01,566587,7454,454344,104789
2021-06-02,571111,7555,461563,101993
2021-06-03,576936,7630,467467,101839
2021-06-04,581560,7731,476130,97699
2021-06-05,585100,7799,484373,92928
2021-06-06,588124,7898,491009,89217
2021-06-07,591494,7990,497960,85544
2021-06-08,595364,8098,504530,82736
2021-06-09,598813,8179,510298,80336
2021-06-10,601687,8238,515591,77858
2021-06-11,604396,8305,520816,75275
2021-06-12,606778,8366,527111,71301
2021-06-13,608472,8412,531105,68955
2021-06-14,610521,8465,536252,65804
2021-06-15,612202,8506,540439,63257
2021-06-16,614216,8558,543521,62137
2021-06-17,615984,8597,545662,61725
2021-06-18,617947,8641,549682,59624
2021-06-19,619635,8675,553342,57618
2021-06-20,621056,8726,556798,55532
2021-06-21,622640,8772,559928,53940
2021-06-22,626343,8813,564882,52648
2021-06-23,627854,8894,568440,50520
2021-06-24,629431,8918,570958,49555
2021-06-25,631152,8945,576413,45794
2021-06-26,632326,8975,581327,42024
2021-06-27,633679,9009,584334,40336
2021-06-28,635188,9051,588187,37950
2021-06-29,636916,9071,592535,35310
2021-06-30,638805,9112,596132,33561
2021-07-01,640662,9145,600149,31368
2021-07-02,642053,9179,603600,29274
2021-07-03,643580,9198,606666,27716
2021-07-04,644622,9225,609218,26179
2021-07-05,646367,9248,611429,25690
2021-07-06,648085,9263,612994,25828
2021-07-07,650162,9291,614327,26544
2021-07-08,651380,9320,615613,26447
2021-07-09,652859,9340,616929,26590
2021-07-10,654212,9362,618361,26489
2021-07-11,655449,9382,619894,26173
2021-07-12,657139,9400,621027,26712
2021-07-13,658778,9412,623105,26261
2021-07-14,660788,9430,624711,26647
2021-07-15,662570,9463,626468,26639
2021-07-16,664576,9506,628243,26827
2021-07-17,665886,9527,630407,25952
2021-07-18,667109,9550,632074,25485
2021-07-19,668751,9582,633332,25837
2021-07-20,670953,9607,634927,26419
2021-07-21,672871,9637,636402,26832
2021-07-22,674726,9661,637690,27375
2021-07-23,676708,9679,639368,27661
2021-07-24,679017,9695,641565,27757
2021-07-25,680556,9713,643615,27228
2021-07-26,682947,9738,645301,27908
2021-07-27,685673,9758,647079,28836
2021-07-28,688307,9791,649072,29444
2021-07-29,690642,9807,650445,30390
2021-07-30,693109,9834,652261,31014
2021-07-31,695389,9857,654177,31355
2021-08-01,697370,9875,656197,31298
2021-08-02,699649,9898,658122,31629
2021-08-03,702097,9922,660116,32059
2021-08-04,705072,9957,661651,33464
2021-08-05,708079,9994,0,698085
2021-08-06,710509,10019,0,700490
2021-08-07,712740,10038,0,702702
2021-08-08,714877,10093,0,704784
2021-08-09,717486,10115,0,707371
2021-08-10,720680,10150,0,710530
2021-08-11,723296,10180,0,713116
2021-08-12,725769,10212,0,715557
2021-08-13,728532,10239,0,718293
2021-08-14,730479,10259,0,720220
2021-08-15,732272,10292,0,721980
2021-08-16,734838,10327,0,724511
2021-08-17,737294,10354,0,726940
2021-08-18,739907,10396,0,729511
2021-08-19,742228,10429,0,731799
2021-08-20,744307,10455,0,733852
2021-08-21,745731,10485,0,735246
2021-08-22,747433,10509,0,736924
2021-08-23,748981,10533,0,738448
2021-08-24,751001,10568,0,740433
2021-08-25,752863,10612,0,742251
2021-08-26,754915,10638,0,744277
2021-08-27,756492,10663,0,745829
2021-08-28,758008,10690,0,747318
2021-08-29,759222,10714,0,748508
2021-08-30,761124,10730,0,750394
2021-08-31,762647,10750,0,751897
2021-09-01,764295,10770,0,753525
2021-09-02,765914,10786,0,755128
2021-09-03,767271,10809,0,756462
2021-09-04,768295,10818,0,757477
2021-09-05,769271,10838,0,758433
2021-09-06,770759,10858,0,759901
2021-09-07,772182,10879,0,761303
2021-09-08,773529,10889,0,762640
2021-09-09,774587,10903,0,763684
2021-09-10,775548,10924,0,764624
2021-09-11,776325,10936,0,765389
2021-09-12,777163,10949,0,766214
2021-09-13,778312,10965,0,767347
2021-09-14,779492,10984,0,768508
2021-09-15,780824,10991,0,769833
2021-09-16,781989,11002,0,770987
2021-09-17,783075,11012,0,772063
2021-09-18,783910,11028,0,772882
2021-09-19,784566,11040,0,773526
2021-09-20,785541,11048,0,774493
2021-09-21,786577,11053,0,775524
2021-09-22,787828,11059,0,776769
2021-09-23,788769,11072,0,777697
2021-09-24,789872,11081,0,778791
2021-09-25,790662,11087,0,779575
2021-09-26,791392,11096,0,780296
2021-09-27,792367,11103,0,781264
2021-09-28,793271,11115,0,782156
2021-09-29,794163,11123,0,783040
2021-09-30,795061,11135,0,783926
2021-10-01,795959,11148,0,784811
2021-10-02,796618,11157,0,785461
2021-10-03,797192,11164,0,786028
2021-10-04,798004,11174,0,786830
2021-10-05,798766,11180,0,787586
2021-10-06,799615,11192,0,788423
2021-10-07,800282,11200,0,789082
2021-10-08,800997,11210,0,789787
2021-10-09,801633,11221,0,790412
2021-10-10,802198,11231,0,790967
2021-10-11,802861,11243,0,791618
2021-10-12,803552,11257,0,792295
2021-10-13,803878,11261,0,792617
2021-10-14,804276,11269,0,793007
2021-10-15,804516,11277,0,793239
2021-10-16,804652,11278,0,793374
2021-10-17,805037,11284,0,793753
2021-10-18,805560,11293,0,794267
2021-10-19,806517,11305,0,795212
2021-10-20,807052,11318,0,795734
2021-10-21,807522,11326,0,796196
2021-10-22,808096,11337,0,796759
2021-10-23,808534,11345,0,797189
2021-10-24,809056,11348,0,797708
2021-10-25,809729,11361,0,798368
2021-10-26,810298,11372,0,798926
2021-10-27,810880,11380,0,799500
2021-10-28,811407,11382,0,800025
2021-10-29,811897,11388,0,800509
2021-10-30,812194,11399,0,800795
2021-10-31,812570,11407,0,801163
2021-11-01,813011,11416,0,801595
2021-11-02,813433,11427,0,802006
2021-11-03,813828,11434,0,802394
2021-11-04,814115,11436,0,802679
2021-11-05,814289,11438,0,802851
2021-11-06,814417,11439,0,802978
2021-11-07,814558,11448,0,803110
2021-11-08,814929,11453,0,803476
2021-11-09,815372,11454,0,803918
2021-11-10,815759,11460,0,804299
2021-11-11,816060,11466,0,804594
2021-11-12,816415,11469,0,804946
2021-11-13,816675,11471,0,805204
2021-11-14,816966,11477,0,805489
2021-11-15,817333,11478,0,805855
2021-11-16,817672,11482,0,806190
2021-11-17,818035,11483,0,806552
2021-11-18,818307,11489,0,806818
2021-11-19,818578,11494,0,807084
2021-11-20,818787,11495,0,807292
2021-11-21,819019,11496,0,807523
2021-11-22,819386,11500,0,807886
2021-11-23,819699,11509,0,808190
2021-11-24,820004,11513,0,808491
2021-11-25,820285,11516,0,808769
2021-11-26,820527,11518,0,809009
2021-11-27,820724,11521,0,809203
2021-11-28,820878,11523,0,809355
2021-11-29,821121,11524,0,809597
2021-11-30,821366,11526,0,809840
2021-12-01,821651,11529,0,810122
2021-12-02,821949,11535,0,810414
2021-12-03,822172,11535,0,810637
2021-12-04,822392,11540,0,810852
2021-12-05,822592,11541,0,811051
2021-12-06,822830,11543,0,811287
2021-12-07,823102,11545,0,811557
2021-12-08,823357,11547,0,811810
2021-12-09,823554,11549,0,812005
2021-12-10,823786,11552,0,812234
2021-12-11,823980,11553,0,812427
2021-12-12,824222,11554,0,812668
2021-12-13,824535,11557,0,812978
2021-12-14,824764,11559,0,813205
2021-12-15,825016,11565,0,813451
2021-12-16,825176,11567,0,813609
2021-12-17,825445,11570,0,813875
2021-12-18,825603,11572,0,814031
2021-12-19,825736,11573,0,814163
2021-12-20,825954,11574,0,814380
2021-12-21,826206,11577,0,814629
2021-12-22,826423,11579,0,814844
2021-12-23,826664,11581,0,815083
2021-12-24,826901,11582,0,815319
2021-12-25,827058,11583,0,815475
2021-12-26,827271,11585,0,815686
2021-12-27,827522,11586,0,815936
2021-12-28,827763,11588,0,816175
2021-12-29,827972,11590,0,816382
2021-12-30,828207,11590,0,816617
2021-12-31,828431,11594,0,816837
2022-01-01,828773,11594,0,817179
2022-01-02,828986,11596,0,817390
2022-01-03,829277,11598,0,817679
2022-01-04,829632,11601,0,818031
2022-01-05,830002,11601,0,818401
2022-01-06,830480,11602,0,818878
2022-01-07,831052,11602,0,819450
2022-01-08,831748,11602,0,820146
2022-01-09,832589,11604,0,820985
2022-01-10,833946,11606,0,822340
2022-01-11,835927,11607,0,824320
2022-01-12,838375,11609,0,826766
2022-01-13,841297,11610,0,829687
2022-01-14,845501,11613,0,833888
2022-01-15,849204,11617,0,837587
2022-01-16,853738,11620,0,842118
2022-01-17,859485,11623,0,847862
2022-01-18,868215,11624,0,856591
2022-01-19,877717,11628,0,866089
2022-01-20,887769,11632,0,876137
2022-01-21,896584,11635,0,884949
2022-01-22,904796,11651,0,893145
2022-01-23,910394,11655,0,898739
2022-01-24,918448,11659,0,906789
2022-01-25,927880,11667,0,916213
2022-01-26,933451,11672,0,921779
2022-01-27,939267,11687,0,927580
2022-01-28,944074,11697,0,932377
2022-01-29,947392,11703,0,935689
2022-01-30,950441,11735,0,938706
2022-01-31,953913,11743,0,942170
2022-02-01,957570,11752,0,945818
2022-02-02,959775,11764,0,948011
2022-02-03,962517,11778,0,950739
2022-02-04,964119,11794,0,952325
2022-02-05,965222,11803,0,953419
2022-02-06,966405,11814,0,954591
2022-02-07,967427,11827,0,955600
2022-02-08,968611,11838,0,956773
2022-02-09,970462,11852,0,958610
2022-02-10,971475,11864,0,959611
2022-02-11,972141,11878,0,960263
2022-02-12,972632,11882,0,960750
2022-02-13,973059,11892,0,961167
2022-02-14,973541,11900,0,961641
2022-02-15,974039,11902,0,962137
2022-02-16,974493,11905,0,962588
2022-02-17,974857,11911,0,962946
2022-02-18,975132,11913,0,963219
2022-02-19,975330,11917,0,963413
2022-02-20,975559,11921,0,963638
2022-02-21,975806,11925,0,963881
2022-02-22,976105,11928,0,964177
2022-02-23,976361,11930,0,964431
2022-02-24,976512,11931,0,964581
2022-02-25,976670,11932,0,964738
2022-02-26,976771,11934,0,964837
2022-02-27,976865,11935,0,964930
2022-02-28,976984,11936,0,965048
2022-03-01,977076,11938,0,965138
2022-03-02,977199,11941,0,965258
2022-03-03,977269,11944,0,965325
2022-03-04,977380,11945,0,965435
2022-03-05,977447,11945,0,965502
2022-03-06,977501,11947,0,965554
2022-03-07,977567,11948,0,965619
2022-03-08,977641,11949,0,965692
2022-03-09,977709,11949,0,965760
2022-03-10,977786,11949,0,965837
2022-03-11,977848,11950,0,965898
2022-03-12,977878,11950,0,965928
2022-03-13,977937,11950,0,965987
2022-03-14,977987,11950,0,966037
2022-03-15,978044,11950,0,966094
2022-03-16,978085,11950,0,966135
2022-03-17,978107,11950,0,966157
2022-03-18,978119,11950,0,966169
2022-03-19,978127,11950,0,966177
2022-03-20,978155,11950,0,966205
2022-03-21,978196,11950,0,966246
2022-03-22,978231,11951,0,966280
2022-03-23,978265,11951,0,966314
2022-03-24,978297,11951,0,966346
2022-03-25,978309,11951,0,966358
2022-03-26,978317,11951,0,966366
2022-03-27,978332,11951,0,966381
2022-03-28,978347,11951,0,966396
2022-03-29,978377,11951,0,966426
2022-03-30,978402,11951,0,966451
2022-03-31,978426,11951,0,966475
2022-04-01,978442,11951,0,966491
2022-04-02,978452,11951,0,966501
2022-04-03,978475,11951,0,966524
2022-04-04,978507,11951,0,966556
2022-04-05,978528,11951,0,966577
2022-04-06,978538,11951,0,966587
2022-04-07,978545,11951,0,966594
2022-04-08,978556,11951,0,966605
2022-04-09,978568,11951,0,966617
2022-04-10,978571,11951,0,966620
2022-04-11,978593,11951,0,966642
2022-04-12,978616,11951,0,966665
2022-04-13,978631,11951,0,966680
2022-04-14,978634,11951,0,966683
2022-04-15,978648,11951,0,966697
2022-04-16,978654,11951,0,966703
2022-04-17,978665,11951,0,966714
2022-04-18,978674,11951,0,966723
2022-04-19,978684,11951,0,966733
2022-04-20,978693,11951,0,966742
2022-04-21,978705,11951,0,966754
2022-04-22,978714,11951,0,966763
2022-04-23,978732,11951,0,966781
2022-04-24,978743,11951,0,966792
2022-04-25,978762,11951,0,966811
2022-04-26,978770,11951,0,966819
2022-04-27,978778,11951,0,966827
2022-04-28,978793,11951,0,966842
2022-04-29,978806,11951,0,966855
2022-04-30,978810,11951,0,966859
2022-05-01,978828,11951,0,966877
2022-05-02,978836,11951,0,966885
2022-05-03,978865,11951,0,966914
2022-05-04,978884,11952,0,966932
2022-05-05,978899,11952,0,966947
2022-05-06,978914,11952,0,966962
2022-05-07,978925,11952,0,966973
2022-05-08,978942,11952,0,966990
2022-05-09,978948,11952,0,966996
2022-05-10,978960,11952,0,967008
2022-05-11,978978,11952,0,967026
2022-05-12,978982,11952,0,967030
2022-05-13,978989,11952,0,967037
2022-05-14,978991,11952,0,967039
2022-05-15,978998,11952,0,967046
2022-05-16,979004,11952,0,967052
2022-05-17,979022,11952,0,967070
2022-05-18,979028,11952,0,967076
2022-05-19,979040,11952,0,967088
2022-05-20,979051,11952,0,967099
2022-05-21,979062,11952,0,967110
2022-05-22,979068,11952,0,967116
2022-05-23,979076,11952,0,967124
2022-05-24,979087,11952,0,967135
2022-05-25,979091,11952,0,967139
2022-05-26,979105,11952,0,967153
2022-05-27,979113,11952,0,967161
2022-05-28,979118,11952,0,967166
2022-05-29,979127,11952,0,967175
2022-05-30,979132,11952,0,967180
2022-05-31,979140,11952,0,967188
2022-06-01,979152,11952,0,967200
2022-06-02,979163,11952,0,967211
2022-06-03,979182,11952,0,967230
2022-06-04,979190,11952,0,967238
2022-06-05,979199,11952,0,967247
2022-06-06,979206,11952,0,967254
2022-06-07,979213,11952,0,967261
2022-06-08,979223,11952,0,967271
2022-06-09,979235,11952,0,967283
2022-06-10,979242,11952,0,967290
2022-06-11,979251,11952,0,967299
2022-06-12,979262,11952,0,967310
2022-06-13,979271,11952,0,967319
2022-06-14,979278,11952,0,967326
2022-06-15,979297,11952,0,967345
2022-06-16,979309,11952,0,967357
2022-06-17,979333,11952,0,967381
2022-06-18,979344,11952,0,967392
2022-06-19,979362,11952,0,967410
2022-06-20,979382,11952,0,967430
2022-06-21,979396,11952,0,967444
2022-06-22,979424,11952,0,967472
2022-06-23,979457,11952,0,967505
2022-06-24,979489,11952,0,967537
2022-06-25,979512,11952,0,967560
2022-06-26,979533,11952,0,967581
2022-06-27,979569,11952,0,967617
2022-06-28,979607,11952,0,967655
2022-06-29,979658,11952,0,967706
2022-06-30,979694,11952,0,967742
2022-07-01,979729,11952,0,967777
2022-07-02,979762,11952,0,967810
2022-07-03,979801,11952,0,967849
2022-07-04,979835,11952,0,967883
2022-07-05,979908,11952,0,967956
2022-07-06,979998,11952,0,968046
2022-07-07,980058,11952,0,968106
2022-07-08,980141,11952,0,968189
2022-07-09,980213,11952,0,968261
2022-07-10,980317,11952,0,968365
2022-07-11,980446,11952,0,968494
2022-07-12,980590,11952,0,968638
2022-07-13,980767,11952,0,968815
2022-07-14,980981,11952,0,969029
2022-07-15,981142,11952,0,969190
2022-07-16,981294,11952,0,969342
2022-07-17,981408,11953,0,969455
2022-07-18,981794,11954,0,969840
2022-07-19,982062,11954,0,970108
2022-07-20,982402,11954,0,970448
2022-07-21,982719,11954,0,970765
2022-07-22,983103,11954,0,971149
2022-07-23,983319,11954,0,971365
2022-07-24,983622,11954,0,971668
2022-07-25,984075,11957,0,972118
2022-07-26,984475,11959,0,972516
2022-07-27,984893,11960,0,972933
2022-07-28,985417,11962,0,973455
2022-07-29,985808,11964,0,973844
2022-07-30,986100,11966,0,974134
2022-07-31,986596,11967,0,974629
2022-08-01,987228,11968,0,975260
2022-08-02,987737,11968,0,975769
2022-08-03,988327,11968,0,976359
2022-08-04,988821,11969,0,976852
2022-08-05,989350,11970,0,977380
2022-08-06,989676,11971,0,977705
2022-08-07,990127,11971,0,978156
2022-08-08,990625,11972,0,978653
2022-08-09,991185,11974,0,979211
2022-08-10,991681,11977,0,979704
2022-08-11,992146,11982,0,980164
2022-08-12,992565,11984,0,980581
2022-08-13,992727,11986,0,980741
2022-08-14,993032,11988,0,981044
2022-08-15,993459,11989,0,981470
2022-08-16,993858,11990,0,981868
2022-08-17,994389,11990,0,982399
2022-08-18,994613,11990,0,982623
2022-08-19,994859,11990,0,982869
2022-08-20,995039,11992,0,983047
2022-08-21,995241,11992,0,983249
2022-08-22,995646,11993,0,983653
2022-08-23,995989,11994,0,983995
2022-08-24,996231,11995,0,984236
2022-08-25,996442,11998,0,984444
2022-08-26,996605,11999,0,984606
2022-08-27,996670,11999,0,984671
2022-08-28,996834,12000,0,984834
2022-08-29,996979,12000,0,984979
2022-08-30,997122,12000,0,985122
2022-08-31,997346,12001,0,985345
2022-09-01,997526,12002,0,985524
2022-09-02,997660,12005,0,985655
2022-09-03,997752,12007,0,985745
2022-09-04,997868,12007,0,985861
2022-09-05,997990,12007,0,985983
2022-09-06,998167,12007,0,986160
2022-09-07,998295,12009,0,986286
2022-09-08,998432,12010,0,986422
2022-09-09,998542,12012,0,986530
2022-09-10,998654,12012,0,986642
2022-09-11,998743,12014,0,986729
2022-09-12,998870,12015,0,986855
2022-09-13,998957,12015,0,986942
2022-09-14,999046,12015,0,987031
2022-09-15,999121,12015,0,987106
2022-09-16,999181,12016,0,987165
2022-09-17,999216,12016,0,987200
2022-09-18,999241,12016,0,987225
2022-09-19,999316,12016,0,987300
2022-09-20,999355,12016,0,987339
2022-09-21,999394,12016,0,987378
2022-09-22,999453,12016,0,987437
2022-09-23,999506,12016,0,987490
2022-09-24,999535,12017,0,987518
2022-09-25,999575,12017,0,987558
2022-09-26,999614,12017,0,987597
2022-09-27,999656,12017,0,987639
2022-09-28,999687,12018,0,987669
2022-09-29,999712,12018,0,987694
2022-09-30,999742,12018,0,987724
2022-10-01,999759,12018,0,987741
2022-10-02,999759,12018,0,987741
2022-10-03,999789,12018,0,987771
2022-10-04,999829,12018,0,987811
2022-10-05,999839,12018,0,987821
2022-10-06,999849,12018,0,987831
2022-10-07,999860,12018,0,987842
2022-10-08,999866,12018,0,987848
2022-10-09,999886,12018,0,987868
2022-10-10,999911,12018,0,987893
2022-10-11,999946,12018,0,987928
2022-10-12,999991,12018,0,987973
2022-10-13,1000036,12018,0,988018
2022-10-14,1000078,12018,0,988060
2022-10-15,1000123,12018,0,988105
2022-10-16,1000151,12018,0,988133
2022-10-17,1000191,12018,0,988173
2022-10-18,1000233,12018,0,988215
2022-10-19,1000275,12018,0,988257
2022-10-20,1000325,12018,0,988307
2022-10-21,1000373,12018,0,988355
2022-10-22,1000416,12018,0,988398
2022-10-23,1000455,12018,0,988437
2022-10-24,1000495,12019,0,988476
2022-10-25,1000509,12019,0,988490
2022-10-26,1000523,12019,0,988504
2022-10-27,1000526,12019,0,988507
2022-10-28,1000538,12019,0,988519
2022-10-29,1000541,12019,0,988522
2022-10-30,1000550,12019,0,988531
2022-10-31,1000556,12019,0,988537
2022-11-01,1000585,12019,0,988566
2022-11-02,1000631,12019,0,988612
2022-11-03,1000676,12019,0,988657
2022-11-04,1000698,12019,0,988679
2022-11-05,1000708,12019,0,988689
2022-11-06,1000734,12019,0,988715
2022-11-07,1000749,12019,0,988730
2022-11-08,1000759,12019,0,988740
2022-11-09,1000766,12019,0,988747
2022-11-10,1000775,12019,0,988756
2022-11-11,1000784,12019,0,988765
2022-11-12,1000792,12019,0,988773
2022-11-13,1000806,12019,0,988787
2022-11-14,1000814,12019,0,988795
2022-11-15,1000826,12019,0,988807
2022-11-16,1000834,12019,0,988815
2022-11-17,1000838,12019,0,988819
2022-11-18,1000846,12019,0,988827
2022-11-19,1000849,12019,0,988830
2022-11-20,1000851,12019,0,988832
2022-11-21,1000855,12019,0,988836
2022-11-22,1000859,12019,0,988840
2022-11-23,1000863,12019,0,988844
2022-11-24,1000865,12019,0,988846
2022-11-25,1000875,12019,0,988856
2022-11-26,1000875,12019,0,988856
2022-11-27,1000878,12019,0,988859
2022-11-28,1000884,12019,0,988865
2022-11-29,1000885,12019,0,988866
2022-11-30,1000889,12019,0,988870
2022-12-01,1000894,12019,0,988875
2022-12-02,1000900,12019,0,988881
2022-12-03,1000903,12019,0,988884
2022-12-04,1000909,12019,0,988890
2022-12-05,1000911,12019,0,988892
2022-12-06,1000912,12019,0,988893
2022-12-07,1000921,12019,0,988902
2022-12-08,1000924,12019,0,988905
2022-12-09,1000929,12019,0,988910
2022-12-10,1000930,12019,0,988911
2022-12-11,1000932,12019,0,988913
2022-12-12,1000939,12019,0,988920
2022-12-13,1000941,12019,0,988922
2022-12-14,1000942,12019,0,988923
2022-12-15,1000945,12019,0,988926
2022-12-16,1000945,12019,0,988926
2022-12-17,1000945,12019,0,988926
2022-12-18,1000945,12019,0,988926
2022-12-19,1000953,12019,0,988934
2022-12-20,1000959,12019,0,988940
2022-12-21,1000961,12019,0,988942
2022-12-22,1000962,12019,0,988943
2022-12-23,1000962,12019,0,988943
2022-12-24,1000962,12019,0,988943
2022-12-25,1000966,12019,0,988947
2022-12-26,1000967,12019,0,988948
2022-12-27,1000975,12019,0,988956
2022-12-28,1000975,12019,0,988956
2022-12-29,1000991,12019,0,988972
2022-12-30,1000995,12019,0,988976
2022-12-31,1001000,12019,0,988981
2023-01-01,1001002,12019,0,988983
2023-01-02,1001003,12019,0,988984
2023-01-03,1001005,12019,0,988986
2023-01-04,1001012,12019,0,988993
2023-01-05,1001015,12019,0,988996
2023-01-06,1001017,12019,0,988998
2023-01-07,1001020,12020,0,989000
2023-01-08,1001022,12020,0,989002
2023-01-09,1001027,12020,0,989007
2023-01-10,1001031,12020,0,989011
2023-01-11,1001033,12020,0,989013
2023-01-12,1001037,12020,0,989017
2023-01-13,1001046,12020,0,989026
2023-01-14,1001051,12020,0,989031
2023-01-15,1001051,12020,0,989031
2023-01-16,1001056,12020,0,989036
2023-01-17,1001059,12020,0,989039
2023-01-18,1001068,12020,0,989048
2023-01-19,1001073,12020,0,989053
2023-01-20,1001074,12020,0,989054
2023-01-21,1001075,12020,0,989055
2023-01-22,1001076,12020,0,989056
2023-01-23,1001077,12020,0,989057
2023-01-24,1001078,12020,0,989058
2023-01-25,1001081,12020,0,989061
2023-01-26,1001086,12020,0,989066
2023-01-27,1001092,12020,0,989072
2023-01-28,1001092,12020,0,989072
2023-01-29,1001096,12020,0,989076
2023-01-30,1001099,12020,0,989079
2023-01-31,1001100,12020,0,989080
2023-02-01,1001102,12020,0,989082
2023-02-02,1001105,12020,0,989085
2023-02-03,1001106,12020,0,989086
2023-02-04,1001106,12020,0,989086
2023-02-05,1001106,12020,0,989086
2023-02-06,1001106,12020,0,989086
2023-02-07,1001107,12020,0,989087
2023-02-08,1001109,12020,0,989089
2023-02-09,1001110,12020,0,989090
2023-02-10,1001113,12020,0,989093
2023-02-11,1001113,12020,0,989093
2023-02-12,1001115,12020,0,989095
2023-02-13,1001116,12020,0,989096
2023-02-14,1001118,12020,0,989098
2023-02-15,1001121,12020,0,989101
2023-02-16,1001125,12020,0,989105
2023-02-17,1001130,12020,0,989110
2023-02-18,1001133,12020,0,989113
2023-02-19,1001133,12020,0,989113
2023-02-20,1001135,12020,0,989115
2023-02-21,1001135,12020,0,989115
2023-02-22,1001137,12020,0,989117
2023-02-23,1001138,12020,0,989118
2023-02-24,1001139,12020,0,989119
2023-02-25,1001140,12020,0,989120
2023-02-26,1001140,12020,0,989120
2023-02-27,1001143,12020,0,989123
2023-02-28,1001145,12020,0,989125
2023-03-01,1001148,12020,0,989128
2023-03-02,1001149,12020,0,989129
2023-03-03,1001149,12020,0,989129
2023-03-04,1001149,12020,0,989129
2023-03-05,1001149,12020,0,989129
2023-03-06,1001149,12020,0,989129
2023-03-07,1001149,12020,0,989129
2023-03-08,1001150,12020,0,989130
2023-03-09,1001154,12020,0,989134
